{"cameraMode":{"drawMode":0,"name":"Shaded","section":"Shading Mode"},"sceneLighting":true,"audioPlay":false,"sceneViewState":{"showFog":true,"showMaterialUpdate":false,"showSkybox":true,"showFlares":true,"showImageEffects":true,"showParticleSystems":true},"in2DMode":false,"pivot":{"x":-0.8247551918029785,"y":-22.125185012817384,"z":41.039188385009769},"rotation":{"x":-0.007024291902780533,"y":0.917778491973877,"z":-0.396714985370636,"w":-0.016248922795057298},"size":73.69463348388672,"orthographic":false}